caption	image
a very typical bus station	http://lh6.ggpht.com/-IvRtNLNcG8o/TpFyrudaT6I/AAAAAAAAM6o/_11MuAAKalQ/IMG_3422.JPG?imgmax=800
sierra looked stunning in this top and this skirt while performing with person at their former university	http://78.media.tumblr.com/3b133294bdc7c7784b781b45eb9af7be/tumblr_nbirmjpEme1tkk0fco1_500.jpg
young confused girl standing in front of a wardrobe	https://media.gettyimages.com/photos/young-confused-girl-standing-in-front-of-a-wardrobe-picture-id511063329?s=612x612
interior design of modern living room with fireplace in a new house	https://thumb1.shutterstock.com/display_pic_with_logo/152074/125938838/stock-photo-interior-design-of-modern-living-room-with-fireplace-in-a-new-house-125938838.jpg
cybernetic scene isolated on white background .	https://thumb1.shutterstock.com/display_pic_with_logo/324673/177023534/stock-photo-cybernetic-scene-isolated-on-white-background-sci-fi-robot-arm-made-of-compound-metallic-as-a-177023534.jpg
gangsta rap artist attends sports team vs playoff game in the borough .	https://media.gettyimages.com/photos/jayz-attends-the-chicago-bulls-vs-brooklyn-nets-playoff-game-at-the-picture-id167112882
the jetty : different types of plants to establish a variety of ecosystems .	https://prismpub.com/wp-content/uploads/2016/11/Chicago-Riverwalk_graphic_13.jpg
traditional ornamental floral paisley bandanna .	https://thumb1.shutterstock.com/display_pic_with_logo/701386/201063638/stock-photo-traditional-ornamental-floral-paisley-bandanna-you-can-use-this-pattern-in-the-design-of-carpet-201063638.jpg
# of the sports team skates against sports team during their game .	https://media.gettyimages.com/photos/bryan-mccabe-of-the-toronto-maple-leafs-skates-against-the-new-jersey-picture-id73480619?k=6&m=73480619&s=612x612&w=0&h=99aa-OK9NQ_tJCllsuA5vifiFfxD-EW13TNYlg9m9D8=
simple custom leather pulls for your dresser , cabinets , or doors .	https://i.pinimg.com/736x/35/c8/b5/35c8b5737ded3c62498491a79c04a2e0.jpg
sunny woodland morning along river .	http://www.hollowtop.com/journals/Tongue_River_Photos/Sunny_Morning.jpg
person , why u turn me on with your designs ? i believe i will bepinning some more of his work here in a bit .	https://i.pinimg.com/736x/d2/0b/7b/d20b7bff927a6d166573414d4ffbf554--dead-zombie-zombie-art.jpg
pop artist performs on stage .	http://media.gettyimages.com/photos/entertainer-beyonce-performs-on-stage-during-the-formation-world-tour-picture-id538724332
industrial plants in the distance at night	https://media.istockphoto.com/photos/industrial-plants-in-the-distance-at-night-picture-id479157539?k=6&m=479157539&s=612x612&w=0&h=0EmjeUArhPcd38poc3cqx_bq0-IKvnfh1qhlxCfesM4=
building and skyscraper light up at night	http://l7.alamy.com/zooms/476f507779b646c4b9ae7e3894c76eb8/the-empire-state-building-and-one-world-trade-center-light-up-at-night-fcn345.jpg
actor is an actor who started out as a lawyer .	https://i.pinimg.com/736x/83/ab/4f/83ab4fbbb6ac094cfad07c94a31bab4d--beautiful-eyes-beautiful-people.jpg
color good with green couch in living room ... favorite ... i think maybe a little too peach ?	https://i.pinimg.com/736x/58/2a/ec/582aecd2587e4473c761fb75d8612eb6--living-room-green-couches-living-rooms.jpg
tree branches swing at real time with the wind while clouds move fast in time lapse	https://ak8.picdn.net/shutterstock/videos/5281628/thumb/1.jpg
my coffee of the day !	https://burpple-1.imgix.net/foods/2cb7a04812e4af46eb01248319_original.?w=645&dpr=1&fit=crop&q=80
mirror image : lonely kitten seeks comfort in the form of a cuddly cat	http://i.dailymail.co.uk/i/pix/2017/04/24/15/3F8F1B3400000578-4440472-image-a-184_1493045915515.jpg
portrait of young mother and little child brushing their teeth together while standing in the bathroom	http://c8.alamy.com/comp/K7AFM5/portrait-of-young-mother-and-little-child-brushing-their-teeth-together-K7AFM5.jpg
the harbor a small village	http://l7.alamy.com/zooms/d431eb7cc72a4a99a4038d497ebf29b3/the-harbor-of-volendam-a-small-village-in-the-netherlands-bc35b6.jpg
a traffic sign warns of surfers crossing !	https://coolsandiegosights.files.wordpress.com/2017/03/img_6221z-a-traffic-sign-warns-of-surfers-crossing.jpg?w=660
greeting card with bright blue text and abstract christmas tree on a white background vector art illustration	https://media.istockphoto.com/illustrations/greeting-card-with-bright-blue-text-and-abstract-christmas-tree-on-a-illustration-id894741674?k=6&m=894741674&s=612x612&w=0&h=KuDCoptNP1o16yQqxg9zPyeoqdbm2c7-CO_TodYXgug=
such pretty watercolor flowers and can be in any languages	https://i.pinimg.com/736x/de/12/7b/de127bc032b298fed1eadb6cfa2dc074--watercolor-flowers-languages.jpg
newspaper became a free newspaper	http://l7.alamy.com/zooms/74672aec4cd94d2da13984df5477990d/london-the-evening-standard-became-a-free-newspaper-in-november-2009-bfpyaf.jpg
ancient open prairie of west on a cold morning beds and grasses cover much of the area	http://l7.alamy.com/zooms/7ef98481b4624328824aa63d478de475/ancient-open-prairie-of-north-dakota-west-of-minot-on-a-cold-morning-bd0mba.jpg
forest on a sunny day	https://ak1.picdn.net/shutterstock/videos/6743041/thumb/1.jpg
happy senior couple with dog on a hike in summer in the nature	https://thumb10.shutterstock.com/display_pic_with_logo/183121/310590383/stock-photo-happy-senior-couple-with-dog-on-a-hike-in-summer-in-the-nature-310590383.jpg
illustrator who has a rather simply haunting style .	https://i.pinimg.com/736x/32/0e/3f/320e3f99b79dc0117bcab995fd90bcc1--gabriel-fontana.jpg
birds fly up to the feeder and take seeds , snow on trees , falling snowflakes for the birdhouse	https://ak8.picdn.net/shutterstock/videos/23295238/thumb/1.jpg
hands in \ walking through his old elementary hallways , person is congratulated by current students .	http://wehsblueprint.com/wp-content/uploads/2015/06/Bham-by-LeAnn-5-45.jpg
leopard dragging its kill in the desert	http://l7.alamy.com/zooms/2a2e5fa29c744bcaafc9366a01495358/leopard-dragging-its-kill-in-the-kalahari-desert-drfpd6.jpg
on a lovely winter 's evening .	http://l7.alamy.com/zooms/2efd36f783044e7287967e0af6129f4e/the-merrion-centre-leeds-city-centre-on-a-lovely-winters-evening-lots-ha44kr.jpg
first screenshot of the conversation between users , where one abruptly finds out that they 've been reading a version of harry potter .	https://i.stack.imgur.com/zNsGX.jpg
taking to the streets : person is psychedelic rock artist in this mock up of their album cover	http://i.dailymail.co.uk/i/pix/2011/11/23/article-2065419-0EEB7F9F00000578-77_634x585.jpg
glass of whiskey with ice on the table	https://media.istockphoto.com/photos/glass-of-whiskey-with-ice-on-the-table-picture-id654761464?k=6&m=654761464&s=612x612&w=0&h=D8Ev-rq7jJfNQ2MFPV94oEisdOUcEpEGrJj4lkUKiMU=
vector illustration of a flat design of the house	https://us.123rf.com/450wm/amelisk/amelisk1612/amelisk161200423/66907761-vector-illustration-of-a-flat-design-of-the-house-stock-vector.jpg?ver=6
police car approaching a building by night	http://l7.alamy.com/zooms/9c818fbb89a14c34b3b5e5a9566908a9/mantova-police-car-approaching-a-building-by-night-italy-ayj9ra.jpg
the best gift for photographers - wrist strap - black / blue - lucky camera straps - genuine leather camera strap personalised handmade	https://cdn.shopify.com/s/files/1/0291/0541/products/Wrist_Straps-72815_7924cd4e-9a1c-4284-952a-f458e06fcd8f_1024x1024.jpg?v=1441099113
blue and pink wavy shiny ribbon on a dark background vector	https://us.123rf.com/450wm/giulianni/giulianni1606/giulianni160600002/58310804-blue-and-pink-wavy-shiny-ribbon-on-a-dark-background.jpg?ver=6
fit man stretching and listening to music by the sea	https://media.istockphoto.com/photos/fit-man-stretching-and-listening-to-music-by-the-sea-picture-id674559330?k=6&m=674559330&s=612x612&w=0&h=cJinKW5G-ndIiMb9RzVLp3Lmd4opY75T2tUCeMSJ9hU=
biological species scratching an itch against a tree	http://c8.alamy.com/comp/K66R3P/american-bison-scratching-an-itch-against-a-tree-in-elk-island-national-K66R3P.jpg
flag and festive cake on a plate	http://l7.alamy.com/zooms/51944b87b2e04398aa2dce747758dc8a/us-flag-and-festive-cake-on-a-plate-gbc68j.jpg
could make the hallway to the master suite all glass to add some additional separation interesting !	https://i.pinimg.com/736x/4c/47/a1/4c47a160a5f9e65cba4bdabaa67d6b6c--energy-efficient-homes-home-floor-plans.jpg
wedding dress with a v neck	https://www.pronovias.com/media/catalog/product/cache/small_image/9df78eab33525d08d6e5fb8d27136e95/e/l/elva_b.jpg
bride at the barn at high point farms	http://jimmyandkim.com/wp-content/uploads/2014/09/chattanooga-wedding-photographers-004.jpg
coach and person react against basketball team during event .	https://media.gettyimages.com/photos/head-coach-greg-mcdermott-and-assistant-coach-darian-devries-of-the-picture-id653979100
portrait of a happy young man in a red wig	https://thumb7.shutterstock.com/display_pic_with_logo/2181548/306465629/stock-photo-portrait-of-a-happy-young-man-in-a-red-wig-306465629.jpg
a necklace , charm bracelet and set of earrings with logos .	https://today.duke.edu/sites/default/files/styles/story_body/public/Jewelry%20HERO.jpg?itok=_RWZa3vk
this castle dates back to the 19th century .	http://media.cntraveller.in/wp-content/uploads/2014/08/UK_castle.jpg
person finally get their hands with win	https://www.thesun.co.uk/wp-content/uploads/2017/04/nintchdbpict000293376642.jpg?strip=all&w=960
images from the girls basketball game .	http://basketball.dailyherald.com/storyimage/DA/20120112/sports/701129647/EP/1/5/EP-701129647.jpg&updated=201201122120&MaxW=800&maxH=800&noborder
the nerves of the knee	http://l7.alamy.com/zooms/862c5a56486d41539ef2e649e0302d4c/the-nerves-of-the-knee-ack23r.jpg
funny pictures of the day	https://i.pinimg.com/736x/ae/2c/68/ae2c6885f2e4203e098d35a235aa6b8a--funny-shit-funny-stuff.jpg
the sign for a city .	https://ak3.picdn.net/shutterstock/videos/3901463/thumb/4.jpg?i10c=img.resize(height:160)
pop rock artist in the audience during the event	https://media.gettyimages.com/photos/singer-demi-lovato-in-the-audience-during-the-ufc-199-event-at-the-picture-id538199306?s=612x612
young woman lying in the grass	http://l7.alamy.com/zooms/7a39331f54bb4d219f121f4227bbaa3d/young-woman-lying-in-the-grass-bgdajj.jpg
a person with a cloud .	https://us.123rf.com/450wm/weiskraft/weiskraft1502/weiskraft150200163/36157181-a-person-with-a-cloud-icon-home-human-thought-bubble-above-his-head-flat-design-style-made-in-vector.jpg?ver=6
sheep grazing on the highlands .	https://ak1.picdn.net/shutterstock/videos/24120121/thumb/1.jpg
people pouring water on the hands of monks	https://ak3.picdn.net/shutterstock/videos/26548403/thumb/1.jpg?i10c=img.resize(height:160)
all - in - one beard , hair & body trimmer	https://images.philips.com/is/image/PhilipsConsumer/QG3382_15-RTP-global-001?$jpglarge$&wid=1250
breakdown of the car on the road .	https://ak8.picdn.net/shutterstock/videos/33469738/thumb/1.jpg
these are the most beautiful flowers on a cake i have ever seen .	https://i.pinimg.com/736x/4f/8c/61/4f8c618f98bf5fc54f96f340ba7f1bb0--gorgeous-cakes-pretty-cakes.jpg
